id,tpro_id,customer_name
1,,"Missing Information"
2,8157,"Broadwind Industrial Solutions"
3,8133,"Midland Concrete Products"
4,8130,"Benjamin Moore C/O CH Robinson"
5,8127,"Plastic Development Company of PA"
6,8126,"Specialty Commodities"
7,8124,"Team Tite Joint INC "
8,8123,"Boston Hides Limited Company"
9,8121,"MSI Express"
10,8120,"Scanwell Logistics -Chicago"
11,8117,"Riverdale Mills Corporation"
12,8116,"Triad Fabricators"
13,8115,"KDM Products"
14,8110,"Evertis Packaging Solutions"
15,8109,"Olympic Steel - Iowa"
16,8107,"Target Specialty Products"
17,8105,"EnerSys C/O Transportation Insight"
18,8104,"Grabber Construction Products, Inc. C/O Mihlfeld & Associates"
19,8103," Country Heritage Winery"
20,8102,"Cibo Vita C/O Dynamic Logistix"
21,8100,"Peavey Mart C/O Logikor"
22,8095,"Direct Metals Company, LLC"
23,8094,"Ground Zero Shelters"
24,8093,"James Steel & Tube"
25,8091,"REV Group c/o Eshipping LLC"
26,8084,"Cost Plus World Market"
27,8083,"STUDCO BUILDING SYSTEMS"
28,8081,"Wharton Hardware and Supply"
29,8080,"Thermoplastics Processes, Inc"
30,8079,"3PL Integration LLC"
31,8077,"East Coast Commodities LLC"
32,8073,"Barclay Dean Architectural Products, L.L.C."
33,8070,"Bird in Hand Farms "
34,8069,"Sams Club C/O CHR"
35,8068,"LOROCO INDUSTRIES"
36,8067,"Thornel Associates, Inc."
37,8065,"Churchill Steel Plate"
38,8064,"Fedex Sameday"
39,8063,"Odell Brewing Company"
40,8061,"Lowes c/o C.H. Robinson Worldwide, Inc"
41,8060,"Ritchey Metals c/o C.H. Robinson Worldwide, Inc"
42,8059,"Accelerate360 Distribution"
43,8058,"Cargill Salt c/o CHR"
44,8057,Acela
45,8056,"Tempur Sealy International c/o CHR"
46,8055,"DB Schenker - Dulles, VA"
47,8054,"Mid-West Metal Products"
48,8053,"Chroma Color Corporation C/O RedWood"
49,8052,"Darling Ingredients"
50,8051,"Superior Uniform Group"
51,8047,"Rocky Mountain Rafts"
52,8042,"DB Schenker - SLC "
53,8039,"Precision Tools Service"
54,8025,"Mitsubishi International Food Ingredients Inc"
55,8024,"Palmetto Paper Trading"
56,8023,Nightingale
57,8018,Refresco
58,8017,"Dorman Products C/O CT Logistics"
59,8016,Etrailer
60,8015,"Corteva Agriscience dba Pioneer Hi-Bred International c/o XPO "
61,8014,"DB Schenker - ATL "
62,8013,CORT
63,8012,"Lithko Contracting"
64,8011,Manneco
65,8009,"Koch Fertilizer, Enid"
66,8002,"Bunzl Distribution"
67,8000,"McPherson Oil Products, Inc. "
68,7998,"DB Schenker - Omaha, NE "
69,7997,"Paris Baguette"
70,7994,"EFS Plastics, Inc. "
71,7988,"U.S. Silica"
72,7987,"A J ARANGO"
73,7986,saltdepot
74,7982,"GSK C/O Haleon"
75,7978,"DB Schenker - Houston"
76,7977,"Midwest Automotive Designs"
77,7975,"Wildrye Distilling"
78,7973,Emergemarket
79,7970,"SPX Cooling Technologies, Inc. C/O Dynamic Logistics"
80,7969,"Charlette America c/o Argus Logistics "
81,7966,"Modine c/o Hatfield and Associates"
82,7965,"AFP Advanced Food Products llc  & AFP c/o Transplace"
83,7962,"Tonns Honey"
84,7958,"Maersk A/S Ground"
85,7957,"Dallas Metro Food"
86,7954,"ECU Worldwide"
87,7953,Xytoolrtc
88,7952,"Treatt USA"
89,7948,"Orlando Drum"
90,7947,"Riverside Mfg.,"
91,7946,"Empire Today, LLC"
92,7945,Djdirectusa
93,7944,"Madison Home Intl"
94,7941,"Little Caesars C/O Blue Line Transportation"
95,7940,"General Formulations"
96,7939,"Chemical Solutions"
97,7937,"Bossong Hosiery Mills Inc"
98,7936,"SCS Lights, Inc,"
99,7933,Steel-Traders
100,7932,Valtir
101,7931,"Michigan Fastener"
102,7930,"DB Schenker - ORD "
103,7929,"Chapel Steel"
104,7927,"FedEx Logistics -Atlanta, GA"
105,7925,"Rieke C/O Nolan & Cunnings"
106,7924,"Pegasus Home Fashions"
107,7922,"Avatar Corporation"
108,7921,"Performance Food"
109,7920,"Cohen Architectural Woodworking"
110,7916,"EFCO Corporation c/o CH Robinson"
111,7914,"Capitol Food"
112,7913,"Kurt Weiss Greenhouses"
113,7911,"ABC Block & Brick"
114,7910,"Pilot Brands"
115,7909,"Volvo Car US Operations, Inc. "
116,7907,Garsite
117,7904,"EJ Group"
118,7901,"Plant Marvel Laboratories, Inc."
119,7900,"American Timber"
120,7898,Astrex
121,7897,"Lumina Brands, Inc."
122,7896,Longsail
123,7895,Midwest-Fiber
124,7894,"World Fuel Services Corporation"
125,7893,"BOMAG C/O Argus Logistics"
126,7891,"LATICRETE International, Inc."
127,7889,"Bindi North America, Inc."
128,7888,"Poliform USA"
129,7886,"Nardone Brothers Baking Co"
130,7885,"PELICAN PRODUCTS, INC. C/O Transplace"
131,7883,"Harnness Master Wiring Systems"
132,7882,"J & J Snack Foods Corp"
133,7881,Leedo
134,7879,"Titus Steel"
135,7878,"Greater Kalamazoo AA"
136,7877,"The Raynor Company"
137,7875,"Crown Mark"
138,7874,"Unified Door & Hardware Group"
139,7872,"Little Dutch Boy Bakeries"
140,7868,Westlake
141,7867,"Rentex Incorporated"
142,7866,"Neris Bakery"
143,7864,"Kings Seafood"
144,7858,"Legacy Housing"
145,7855,"DB Schenker- PHL "
146,7854,Kelloggs
147,7853,"Premier Magnesia, LLC"
148,7851,"Spartan Mat"
149,7848,"Expolanka Holdings / EFL & Drayage"
150,7846,"UBE Machinery"
151,7845,Lindberg/MPH
152,7843,"American International Industries"
153,7842,Yourway
154,7840,"ICL Specialty Products"
155,7839,"House Autry Mills INC c/o Retrans"
156,7838,"Miller Broach"
157,7837,"The Dingley Press"
158,7836,"EgeTrans USA-Inc - Mack Rides"
159,7835,"Ontario Plywood + Maine Plywood"
160,7834,"DB Schenker - Plainfield, IN "
161,7830,"Drew Foam Companies"
162,7829,"Royal White Cement"
163,7828,"Exxon Mobil Corporation"
164,7826,"Rise Baking c/o Lineage Log."
165,7821,"Rontex America Inc."
166,7820,RDAbbott
167,7819," PETRONAS Lubricants International/ Viscosity Oil"
168,7818,"EMO Trans - DRAYAGE"
169,7816,"Food Import Group"
170,7815,"Royal Paper Converting LLC - West "
171,7814,"Bakery Bling"
172,7810,"Dynarex Corp"
173,7809,"INDEVCO Plastics"
174,7808,"Coldstar International"
175,7807,"Transporting Cars Champion Inc "
176,7804,"Specialty Store Services"
177,7803,"SEAFOOD SALES AND SERVICE"
178,7802,"Southeastern Tool"
179,7801,"Outlook Group"
180,7800,"Davies imperial coatings, inc."
181,7799,"SABIC c/o Odyssey Logistics"
182,7797,"Atlantic Coated Papers Ltd"
183,7795,"Olin Chlor Alkilai/Oin Poxy"
184,7793,"Automann Inc."
185,7790,MAKSTEEL
186,7789,"LCI C/O SwanLeap"
187,7788,"Southwestern Wire, Inc."
188,7786,Mekralang
189,7785,"Johanna Beverage"
190,7783,"BorgWarner "
191,7782,"Freeway Corp"
192,7781,"Schuyler Maritime"
193,7780,"West Point Dairy Products"
194,7779,"ArcelorMittal Arcelormittal Calvert - AutoPay"
195,7778,"Stein Fibers"
196,7777,"Montville Plastics & Rubber"
197,7776,"Pulpmill Services"
198,7775,"Custom Cut Solutions"
199,7774,"SANY America"
200,7773,"Tenneco Inc - Performance"
201,7772,"Schupan & Sons"
202,7771,"Tenneco Inc - Motorparts"
203,7770,"Meyer Material Handling Products"
204,7768,"Jorday Foods/ Freedom Trading International"
205,7766,ArcelorMittal
206,7765,"Best Wade Petroleum"
207,7764,"Mazzetta Company LLC"
208,7761,"Tower Laboratories LTD"
209,7756,"Forge Resources Group"
210,7755,"Bath and Body Works "
211,7753,"Vita-Mix Corporation"
212,7752,"Christy Metals Inc."
213,7750,"Clyde Companies"
214,7749,"Nixon Power"
215,7747,"CTS International Logistics Corporation"
216,7745,"Brown Strauss"
217,7744,"Wanxiang America Corp | A123 Systems"
218,7743,"Lab Supply, Inc."
219,7742,"Beauty Quest Group C/O TPS Logistics"
220,7739,Slamhammer
221,7738,"The Cianbro Companies"
222,7737,"Highmark Technologies"
223,7735,"Roadrunner Freight"
224,7732,NCOC
225,7731,"Midwest Equipment LLC C/O Argus Logistics"
226,7727,"Lufkin Industries"
227,7725,Polyceramembranes
228,7724,"Traxon Technologies"
229,7723,Qarbon
230,7722,"Total Energies"
231,7721,"Olympic Steel-Cleveland"
232,7719,"Amarr C/O Dynamic Logistix"
233,7717,"Jefferds Corporation"
234,7716,"Moderna  c/o KUEHNE + NAGEL INC"
235,7715,DUR-A-FLEX
236,7713,"Norwegian Cruise Line & Norwegian Cruise Lines c/o Medov Logistics"
237,7711,"LaX Fabricating"
238,7709,"Haworth Inc. c/o Transportation Insight"
239,7707,"Ayco Farms"
240,7706,"Carlex Glass America c/o Lynnco"
241,7705,"GE Appliances/Haier + transplace"
242,7704,Kdlog
243,7703,"RITCHEY METALS"
244,7702,"Green Bay Packaging"
245,7698,"Los Altos Foods"
246,7697,"Industrial Battery Products"
247,7696,"C. M. Tucker Lumber Companies"
248,7694,"County Prestress"
249,7692,"A Lava C/O Argus logistics"
250,7691,"PRYSMIAN Group c/o Transplace"
251,7690,GROWMARK
252,7688,"Transhield Inc C/O TPS Logistics"
253,7686,"DUS Operating Inc C/O Argus Logistics"
254,7685,"Irvin Automotive c/o Argus Logistics LLC"
255,7683,"TPE Solutions"
256,7681,"Christmas Tree Shops"
257,7677,"Utah Metal Works"
258,7676,"NB Handy"
259,7673,"RTG Furniture Corp"
260,7668,"Sun Chemical c/o Transplace"
261,7667,"Applied Material Solutions c/o Swanleap"
262,7665,"Good Sportsman Marketing LLC"
263,7659,"JN Fiber - Cixi Jiangnan Chemical Fiber Co., Ltd."
264,7658,Potandon
265,7657,Oxbow
266,7655,"Glaxosmithkline LLC"
267,7653,"80/20, LLC"
268,7652,Scavuzzos
269,7651,"Southeastern Food Merchandisers"
270,7649,"Quaker Chemical"
271,7648,"Office First Solutions"
272,7647,"Cascade Die Casting Group, Inc."
273,7646,"Mid-America Paper Recycling, Co."
274,7644,"  Adhesives Technology Corp./Atcepoxy "
275,7643,"Titan America"
276,7642,"Wareco Plastics LLC"
277,7640,"Hillandale Farms Ohio, LLC"
278,7639,"Cascade Steel Rolling Mills, Inc "
279,7638,"EOG Resources"
280,7637,"DSB Technologies"
281,7635,"LGS Sales Ltd."
282,7634,"INEOS Styrolution"
283,7633,"Great Plains Processing"
284,7632,"Wildwood Trading Group"
285,7631,"Hercules Machinery Corp"
286,7630,"LMT Mercer Group"
287,7629,EVERSANA
288,7628,"Great Lakes Trim"
289,7626,"W.R. Vernon Produce Co., Inc."
290,7622,Ameristeel
291,7621,Sunroc
292,7617,"Miner Corporation"
293,7616,"Ace Electric"
294,7615,"County Materials Corporation"
295,7611,"Midwest Manufacturing c/o Menards"
296,7610,"AG Polymers"
297,7607,"Service Steel Framing"
298,7606,"Horizon Ag-Products, LP"
299,7604,"Acme Furniture"
300,7603,Micronics
301,7602,"US Foods & Subs/Amerifresh"
302,7601,novelisadityabirla.com
303,7600,"South Holland Bakery Supply"
304,7599,Tolko
305,7597,"Brakebush Transportation"
306,7591,"Pet Valu"
307,7590,"FAMILY FURNITURE"
308,7584,"Electromac Group/Cannon Automotive Group"
309,7583,"Economy Polymers & Chemicals"
310,7582,"Hog Slat"
311,7581,"Gurtler Industries"
312,7579,"Alabama Wire"
313,7577,"Colorado Paver Supply LLC"
314,7576,"RS GLOBAL"
315,7575,"Upper Lakes Foods & Upper Lakes Foods c/o Unipro"
316,7574,"Menards Railroad Materials"
317,7573,"Atrium Innovations"
318,7572,"Aal Chem"
319,7570,"Ryder C/O ExxonMobil-Chemical"
320,7569,"360 Rail Services"
321,7568,"Land OFrost"
322,7567,"Bubbies Fine Foods"
323,7565,"Sureshod Services Inc"
324,7564,Benton-Georgia
325,7563,"Michelin Group"
326,7562,"SNA CARGO INC"
327,7559,"Nalge Nunc"
328,7556,Berco
329,7555,"HSK STAINLESS"
330,7554,"Wacker (Direct) & / Wacker c/o Argus"
331,7551,"Stratton Home Decor"
332,7550,"Lam Research C/O SSUI "
333,7549,"Peggs Company"
334,7548,"Yanfeng C/O Ascent Global"
335,7547,"Mars - Wrigley"
336,7545,"sappi c/o SLI"
337,7544,"NEAPCO c/o Penske"
338,7539,"Global Alloys"
339,7538,"Highline Manufactoring"
340,7537,Reckitt
341,7535,"Left Coast Packaging Solutions"
342,7534,Yanfeng
343,7533,"Red River Brewing"
344,7532,Ennis-Flint
345,7530,"Cavu Aerospace"
346,7526,Durafibre
347,7525,"Revolution Farms"
348,7524,"DMS Recycling"
349,7522,"Delta Brands"
350,7521,"Martin-Brower CO LLC"
351,7518,"Mesa Moving and Storage"
352,7517,"General Petroleum, Inc."
353,7514,"Andersen Windows C/O Ceva "
354,7513,"Idahoan Foods"
355,7512,"HTS Coatings"
356,7511,Brandt
357,7510,Fluorgov
358,7509,Blanks/USA
359,7508,"UNFI & Ivl services"
360,7507,Noodoe
361,7506,"Sportsmans Guide"
362,7505,"MID CONTINENT STEEL AND WIRE"
363,7504,"Laminate Technologies"
364,7503,"Slumberland & Slumberland c/o Transplace & c/o Intelligent Audit"
365,7501,"Thermo Fisher Scientific"
366,7500,"Intertape polymer group & Intertape c/o Transplace"
367,7499,"Bedrosians Tile and Stone"
368,7498,Unifirst
369,7497,"Suzuki Garphyttan"
370,7496,"FedEx Ground (FXG)"
371,7494,"Sun Fiber - Cixi Jiangnan Chemical Fiber Co., Ltd."
372,7492,"Leaf Home Water Solutions"
373,7491,"Land O Lakes"
374,7490,"Wholestone Farms"
375,7489,"Ahlstrom c/o Schneider"
376,7487,"Natural Wonders Perfumes Distribution"
377,7486,"FedEx Logistics - San Francisco, CA"
378,7484,"Pillen Family Farms Transport"
379,7483,"SPX FLOW- Florida"
380,7482,"Merrick Pet Care"
381,7481,"Metal Container Corporation"
382,7480,Pull-A-Part
383,7479,Kettlebottom
384,7478,"Natures Fynd"
385,7477,"Calidad Beer"
386,7476,Hillebrand
387,7475,"Northern Tool + Equipment"
388,7474,"Prime Forest Products"
389,7472,Applesnax
390,7470,Daimay
391,7467,Mmi-Es
392,7466,"GCI Global"
393,7464,"Olhausen Billiards"
394,7463,"Industrial Lubricant Company"
395,7461,Spreetail
396,7460,"Edible Garden"
397,7455,"Bering Straits Native Corporation"
398,7454,"Nippon Seiki c/o Argus Logistics"
399,7453,Bridgenetsolutions
400,7452,"AGC Glass North America c/o Argus Solutions"
401,7451,"Unilever & Unilever c/o Transplace"
402,7449,Skretting
403,7448,"Phytochem International"
404,7446,"Engineered Profiles LLC"
405,7438,"New York Air Brake c/o Argus"
406,7436,Tenaris
407,7435,"Magneco/Metrel Inc."
408,7434,"Bendix c/o Argus Logistics"
409,7431,"Innovative Energy Inc"
410,7429,"Ashland/Ashland Specialty Ingrediants"
411,7428,Tireco
412,7427,"Jel Sert"
413,7425,"Highbury Canco"
414,7424,Elliottfoam
415,7423,"Avon Plastics"
416,7422,"R.H. Shipping "
417,7421,"SPEC ENGINEERING"
418,7420,"Arley Wholesale"
419,7419,"Florida Cirtech"
420,7417,Ginsbergs
421,7416,"UTM Distributing Co."
422,7415,IDFI
423,7414,"North Star BlueScope Steel"
424,7413,"Eagle Metals"
425,7409,"Advance Auto Parts"
426,7408,"Medtronic c/o RE Transportation"
427,7407,"Lawrence Wholesale LLC"
428,7403,CPFD
429,7402,"Robbins Sports Surfaces"
430,7401,"Indevco (Group and Plastics)"
431,7400,"Focus Camera"
432,7395,"Reds All Natural"
433,7393,CompoSecure
434,7392,"SuckerPunch Gourmet"
435,7389,"Purina Petcare/Purina c/o Cass/Purina Animal Nutrition "
436,7388,"Gabriel Brothers Inc"
437,7387,"CMC Materials"
438,7385,"IKO Industries Ltd"
439,7383,"Phibro Animal Health Corporation"
440,7382,"FedEx Logistics - Elk Grove Village"
441,7380,"Raynor Express Corporation"
442,7379,"LSB Industries"
443,7378,"Marc Steel Inc "
444,7377,"Wausau Tile"
445,7376,"BYD Coach and Bus LLC"
446,7375,"Eckert Cold Storage"
447,7374,"Sachem Inc."
448,7372,"The Bay Family of Companies/ Frontline Building"
449,7371,"Ciuti International"
450,7370,"Craco Metal Supply"
451,7369,Rolls-Royce
452,7368,"Superior Dairy"
453,7367,"Silver one International"
454,7366,"BYD Motors LLC"
455,7365,"Natural Fiber Welding"
456,7363,RMF
457,7361,"Balls Food Stores"
458,7360,"Wholesale Pump & Supply"
459,7358,"Lutheran Health Network"
460,7357,"Premier Tech"
461,7356,"Best Bay Logistics"
462,7355,"Aerial Bouquets"
463,7354,"Schwans / SFC Global Logistics  (Schwans Logistics Dept."
464,7353,"Northern Lights Solutions"
465,7352,"SAVIA USA"
466,7351,"Eaton Steel Bar c/o ADICA LOGISTICS, LLC"
467,7350,"American Freight Inc c/o transplace southeast "
468,7349,"Mahindra & Mahindra Ltd. c/o TMS INSIGHT"
469,7347,"Aluminum Blanking"
470,7346,"Manner Polymers"
471,7345,"TM Logistics De Mexico "
472,7343,ETCS
473,7340,"BA Sports Nutrition (Body Armour Sports Drink)"
474,7339,"Holly Poultry"
475,7337,"Otto Environmental Systems North America"
476,7336,"Avon c/o Pilot Freight"
477,7335,"Johanna Foods"
478,7331,"Nine Dragons Paper"
479,7329,"M2 Outdoors"
480,7327,"Sherwood Lumber "
481,7326,"National Logistics Network LLC "
482,7325,"Harte-Hanks Logistics"
483,7324,"OmniSource Electronics"
484,7323,"Schenker - DFW "
485,7322,"Clark Testing"
486,7320,"Eastman Kodak Company"
487,7319,"Armtec Defense Technologies"
488,7318,"Auburndale Fruit CO "
489,7317,"SES, LLC"
490,7316,Labatt
491,7314,"Airgroup Corporation C/O RADIANT LOGISTICS"
492,7313,"Lozier Oil Co. Inc "
493,7312,"Clearbrooke Technologies LLC"
494,7310,"MEIXEL TRUCK SALES, INC"
495,7309,SallyeAnder
496,7308,"Magna C/O Argus Logistics"
497,7302,"International Steel & Counterweights"
498,7297,"The Raymond Corporation"
499,7295,"Vogel Display"
500,7293,"Orion Equipment Inc"
501,7292,"White Electrical"
502,7291,"Palermos C/O BluJay"
503,7290,"ARLANXEO USA LLC"
504,7289,Daxwell
505,7288,"LKQ Corporation"
506,7287,"goTRG Inc"
507,7285,"George DeLallo Company"
508,7283,"Techniplas Group C/O Argus Logistics"
509,7279,"Proexi Logistics"
510,7277,"Ozark Fluid Power"
511,7273,"Sun Gro Horticulture"
512,7272,"Custom Foods, LLC"
513,7271,Avgol
514,7267,"Mindful Distributors"
515,7266,"Sanco Industries"
516,7263,"Carter Lumber Company"
517,7261,"Emmert International "
518,7260,SUANFARMA
519,7258,"Schmitz Foam Products"
520,7257,"Custom Roto Mold LLC"
521,7255,"ALLPak container llc "
522,7254,"DC Graves Co. Inc"
523,7253,FYE
524,7252,"Expeditors - Atlanta"
525,7250,"CME Wire and Cable"
526,7248,"Scotts Company"
527,7247,Pak-Lite
528,7246,"P&P Global Logistics"
529,7245,"Baker Hughes c/o XPO"
530,7242,"Moultrie Manufacturing"
531,7240,"Heat Makes Sense"
532,7238,"Cantrell Gainco"
533,7236,"National Integrated Systems"
534,7235,"Office Depot, Inc. / C/O Harte Hanks Logistics"
535,7233,"Hyundai - Kia c/o Glovis America"
536,7230,"Scotts Company- Vance AL"
537,7226,"GLOBAL TEXTILE ALLIANCE, INC."
538,7224,"Faurecia c/o Venture Logistics 3G "
539,7223,"Faurecia c/o Venture Logistics ALMS "
540,7213,"Readerlink Distribution Services, LLC"
541,7212,"BLAIN SUPPLY"
542,7211,"LIDL - Inbound"
543,7207,"Ball, Bounce, & Sport DBA Hedstrom Plastics"
544,7205,"Novak Construction Inc. "
545,7204,"Utility Coatings & Fabrication, Inc. "
546,7202,"CLASSIC CALADIUMS, LLC"
547,7201,"Mulls Auto Sales Inc"
548,7198,"Master Motors of Buffalo, Inc DBA; WNY Accessory Shop"
549,7197,"Noble Industries"
550,7195,"GERDAU S.A."
551,7194,"All American Glass Distributors Inc"
552,7191,"WINSTON PLYWOOD & VENEER"
553,7190,Jswsteel
554,7186,"American Furniture Warehouse"
555,7183,Bayer
556,7182,Einride
557,7181,"Thomas Pump & Machinery"
558,7179,"Commonwealth Rolled Products"
559,7178,"Feeding South Florida"
560,7176,"R.S. ELLIOTT SPECIALTY SUPPLY, INC"
561,7175,"Cooper Steel"
562,7173,"Allied Steel Industries Inc"
563,7172,"Groove E-Bikes"
564,7167,"Darlington Veneer Company Inc."
565,7164,"F.W. Webb"
566,7163,"Yellow Corp. & YRC FREIGHT, INC. & Yellow Logistics"
567,7162,"Louisiana-Pacific Corporation"
568,7161,"CLEANCOR Energy Solutions LLC"
569,7158,"GMR ACQUISITION, LLC"
570,7155,"Great Lakes Brewing"
571,7153,"Spray Foam Solutions USA"
572,7152,"Hapag-Lloyd AG"
573,7151,"BDP International"
574,7150,"Two Rivers Terminal"
575,7147,"APS Grupa"
576,7146," Curtis Maruyasu America"
577,7145,"RSDC of Michigan"
578,7144,"Molson Coors "
579,7143,"I.D. Beauty International Distribution, LLC "
580,7141,"SA Recycling LLC "
581,7139,"East West Tea Company"
582,7138,"Chevron c/o Schneider"
583,7137,"Alliance Outdoorgroup.org"
584,7136,"United Rentals, Inc"
585,7135,"Skyworth USA Corporation"
586,7134,"Quanex Screens c/o CT Logistics/Team 4 Inbox"
587,7132,"Rudys Sales & Service LLC"
588,7131,"LACAY FABRICATION & MANUFACTURING"
589,7130,"Mama Lolas LLC"
590,7126,Mopar
591,7125,"Franklin Press Inc"
592,7124,"American Nuts"
593,7121,"DB Schenker - Kent,WA "
594,7118,Reinders
595,7117,"United Container Company"
596,7116,"Blue Ostrich Winery & Vineyard"
597,7115,"TAMA USA INC"
598,7113,"Grayson Thermal Systems"
599,7112,"Berne Apparel"
600,7110,"Associated Steel c/o CT Logistics"
601,7109,LEWCO
602,7107,"CEC Furnaces"
603,7106,"KTM Industries"
604,7101,"Q Power"
605,7098,"Carolina Foods"
606,7095,"Douthett Packaging"
607,7093,"Novum Structures LLC "
608,7092,"Silgan White Cap"
609,7091,"Romeo RIM"
610,7090,"Kennys Great Pies"
611,7089,"Abrasives Industries"
612,7088,"Sun Fresh International"
613,7087,"Epes Logistics Services"
614,7086,"Weston Foods & Maplehurst Bakeries"
615,7084,"Inn Foods"
616,7083,"Bulldog Onsite Solutions"
617,7082,"Frauenthal Gnotec Inc "
618,7080,"MOZAIK, LLC"
619,7079,"Hussey Copper"
620,7078,"Prime Plastic Products Inc"
621,7076,"CZ Logistics"
622,7074,"Element Chemicals"
623,7072,"Drill Pipe Inc."
624,7068,Winco
625,7067,"COLE & ASHCROFT, L.P."
626,7066,"Shillington Box"
627,7065,"Triangle Home Fashions LLC"
628,7062,"Koch Foods"
629,7059,"KULLIK & RULLMANN AG"
630,7058,"Mid Atlantic Port Service"
631,7057,"L&m Supply"
632,7054,"Chandler Exlhibits, Inc."
633,7051,"Morrison Industries, LLC"
634,7048,"TG Manufacturing LLC"
635,7047,"Polymer Solutions LLC"
636,7045,"Harris Teeter"
637,7044,"Canrol Industries"
638,7043,Greenfiber
639,7042,"DB Schenker - Romulus, MI "
640,7041,"Cato Corporation C/O Traffic Management Services"
641,7038,"Nations Roof"
642,7037,"Reynolds Consumer Products"
643,7036,Galeriecandy
644,7035,"Northern Power Electric Service, Inc."
645,7034,"Wallace Farm Inc"
646,7033,QualiChem
647,7031,"Werner Electric/Van Meter"
648,7030,"Formations Inc."
649,7029,"Tier One Relocation LLC"
650,7028,"Tex Tube"
651,7027,"LKL Associates"
652,7026,"MAT Holdings C/O Argus Logistics"
653,7024,"Dish Network c/o TI Parcel Solutions "
654,7023,"Diageo c/o DHL"
655,7022,"Moran Foods, LLC d/b/a Save-A-Lot Ltd"
656,7021,"Northwestern Energy"
657,7019,"MITEK c/o RE Transportation"
658,7017,"Vista Outdoor"
659,7016,"Jadex Inc. c/o Technical Traffic Consultants"
660,7015,Westlake
661,7014,Sos-Cs
662,7012,"Gen-Y Hitch"
663,7010,"Immediate Air Cargo Transit "
664,7007,"Steel of America"
665,7006,"Gibraltar Chimney International"
666,7005,Gdc-Corp
667,7004,Qurate/QVC/HSN/Zulily
668,7001,"Fortune Imports"
669,6998,"Liberty Tire "
670,6996,"AMG Resources"
671,6990,"Jain Irrigation"
672,6989,"3M Company"
673,6988,"Rocket Fizz"
674,6987,"Texla Energy Partners"
675,6986,"American Welding & Gas"
676,6984,"DOW c/o XPO CLII "
677,6983,"Champion Laboratories Inc"
678,6980,"Sunset Trading C/O CellMark"
679,6978,"Metropolitan Alloys Corp"
680,6977,"Ultra Violet Inc"
681,6976,"Pampa Beverages LLC"
682,6975,Unilever
683,6974,"Optimus Steel, LLC"
684,6973,"Global Pump"
685,6972,trumpf
686,6971,"Aero-K INC"
687,6970,"Sony c/o DHL"
688,6969,"Interstate Chemical"
689,6968,"CCPI - Boston"
690,6967,"Silgan Holdings Inc"
691,6965,"Northwestern Holding Company"
692,6962,"Richards Building Supply Co"
693,6961,"The Nutro Company"
694,6959,"Global Systems Inc (AG Systems)"
695,6958,Tarkett
696,6953,Wincorpintl
697,6952,"Brake Parts"
698,6951,Carris
699,6950,"Dajcor Aluminum"
700,6949,"Suncoast Post-Tension "
701,6947,"Phoenix Protective Coatings LLC"
702,6945,"Feradyne Outdoors LLC"
703,6944,"Kem Krest"
704,6942,"Supply Chain Solutions Inc."
705,6941,Agri-Dairy
706,6940,"Volvo Trucks North America c/o Williams & Associates "
707,6939,"CARGO PARTNER NETWORK INC"
708,6938,"Chicago Booth Manufacturing Inc."
709,6933,Morris
710,6930,"River Valley Paper"
711,6929,"JR Automation"
712,6928,"US Merchants / The Merchant of Tennis"
713,6927,PMG
714,6926,"Mcwilliams Sales & Service Inc "
715,6925,"Ellwood Group"
716,6924,SmithFoods
717,6923,"Stapleton Logistics"
718,6921,LyondellBasell
719,6920,"Lipman Family Farms"
720,6918,"Merit Steel USA"
721,6917,"Dixie Chopper"
722,6916,AIDP
723,6915,"View INC"
724,6914,"UCAL Systems"
725,6913,"Krauss Maffei Corp"
726,6911,"JP Gould"
727,6910,"Miller Milling"
728,6909,"Burkes Outlet"
729,6908,"Rheem (Rheem c o CTSI Global)"
730,6906,"Post Consumer Brands c/o E2Open"
731,6903,"Indiana Sugars"
732,6902,"APAC Chemical"
733,6900,"Basic Crating & Packaging"
734,6899,"WestRock Company"
735,6896,"Aurora Plastics"
736,6893,danfoss
737,6892,EP-America
738,6891,"Covestro c/o Ryder "
739,6890,"TE Connectivity Corporation"
740,6887,"Bagels Forever"
741,6883,Aceto
742,6882,GoodPops
743,6881,PERDUE
744,6879,"BEST FOOD SERVICES, INC."
745,6877,LaserShip
746,6876,"Motion-1nnovations ? Furniture Sales of Mid-America"
747,6875,"Dutch Farms"
748,6872,"RMLC Logistics"
749,6870,Interpack
750,6868,"Veg Fresh Farms "
751,6867,"Kuehne & Nagel c/o Viking Range"
752,6865,"Oshkosh/JLG Industries"
753,6864,"MYR Group/MYR Equipment "
754,6861,"Schneider Electric (SE SQUARE D)"
755,6860,Butterfield-Foods
756,6859,Ituabsorbtech
757,6858,"Nippon Paint Automotive Americas Inc. (NPAA)"
758,6857,Reusability/Ezrack
759,6856,"Salt & Straw, Inc. "
760,6855,"Pet IQ"
761,6854,"Marc Glassman Inc"
762,6850,"M&M Imports"
763,6846,"Sunshine Bouquet"
764,6844,"Ring Container Technologies"
765,6843,"Solar Is Freedom"
766,6842,"ISOFlex Packaging"
767,6838,"Apex Logistics"
768,6837,"Hughes Furniture"
769,6836,"Hardwoods Specialty Products"
770,6834,"Flower City Tissue Mills Co"
771,6827,"Finch Paper LLC"
772,6826,"Fry Communications"
773,6823,"Horizon Equipment LLC"
774,6819,"Wagner Equipment"
775,6817,"Charter Communications, Inc."
776,6815,Continental
777,6814,"Daryl Flood Relocation & Logistics"
778,6813,Freightwise
779,6812,"Calvary Industries"
780,6809,"Vassi Design Group"
781,6808,"Cabinet Works Group, Inc."
782,6806,"MS International, Inc."
783,6805,"Fresh Express"
784,6804,"Morrison Cup Solutions "
785,6803,Glovis
786,6802,enclos
787,6798,"Coastal Pipe of Lousiana"
788,6794,"Regent Aerospace"
789,6793,"Triumph Group"
790,6792,"Alliance Machine"
791,6789,"Mercury Paper Pre-Audit c/o TLD"
792,6787,"LB Foster Company"
793,6786,"Metal Technologies"
794,6784,Quartz-Logistics
795,6783,"Northern States Metals"
796,6781,"Great Lakes Castings"
797,6780,"Alexandria Industries"
798,6778,Americold
799,6777,SciSafe
800,6776,"Kuehne & Nagel c/o EGGER "
801,6773,"Plastic Partners, LLC"
802,6772,Torginol
803,6769,"Flexsteel Industries c o Ruan Transportation"
804,6767,"AMI FLEXIBLES"
805,6766,"Rhoades Beverage"
806,6765,"Ameralloy Steel"
807,6764,"Inxeption Corporation"
808,6763,"Easyflyers USA Logistics INC "
809,6762,"FUJIFILM Sonosite"
810,6761,"Continental Carbonic - East Hartford CT "
811,6759,"Liberty Steel and Wire Group"
812,6757,"Unique Fabricating"
813,6756,INNOVA
814,6752,Casemakes
815,6748,"Univar Solutions"
816,6746,"On Time Wildlife Feeders"
817,6743,"Campbell Soup Company"
818,6741,"Greif (incl Caraustar)"
819,6740,"US Lumber"
820,6738,"Allegiant Travel Company"
821,6735,"Bootz c/o ABG"
822,6734,"The Valspar Corporation / Valspar c/o Cass"
823,6733,"Nestle & NestleHealthScience"
824,6732,Sazerac
825,6731,"Wald Family Foods"
826,6727,"Stephen Gould"
827,6725,"Yoder Lumber"
828,6724,"Boston Dynamics"
829,6723,"Fornazor International Inc."
830,6721,"A Warehouse On Wheels"
831,6720,"SIA c/o Ryder "
832,6719,"La-Z-Boy Residential C/O Nolan & Cunning "
833,6718,"Rytec Corporation"
834,6717,"Rich River Produce"
835,6713,"MST Steel"
836,6712,ISEC
837,6709,"Alta Equipment"
838,6706,"Bilstein Cold Rolled Steel"
839,6705,"basic wire and cable"
840,6703,"Great Lakes Cheese.com"
841,6702,"downtown decorations"
842,6700,"Midwest Resins"
843,6698,Goodfellow
844,6696,"Sure Good Foods"
845,6691,"Walmart c/o Blue Yonder"
846,6690,"Doosan/Bobcat FP# 33217 C/O Cass Information Systems "
847,6689,"Plano Synergy "
848,6687,"Litco International"
849,6685,"Ford Motor Company - fcsdchemicalsandlubricants.com c/o US Bank"
850,6684,"Bradford White"
851,6682,Tronox
852,6681,"Aurora Parts & Accessories"
853,6680,"LIDL - Outbound"
854,6679,"TFORCE FREIGHT, INC."
855,6678,Livent
856,6677,"Veolia North America"
857,6676,"The H-J Family of Companies"
858,6675,"Jakes Fireworks"
859,6674," Lone Star Truck Grp/TNTX LLC/"
860,6673,"St. Louis Screw & Bolt"
861,6669,"Miles Chemical"
862,6668,Duraflame
863,6664,"Gates Corporation c/o A3"
864,6663,"Continental Carbonic - Detroit "
865,6662,"Bella IMC"
866,6661,"XTC US Xpress "
867,6659,"Interstate Batteries & Interstate Batteries c/o Ruan"
868,6655,"Douglas Dynamics, Inc."
869,6649,"TrueNorth Steel"
870,6647,"THOMAS MUSHROOMS"
871,6646,"Future Foam"
872,6644,AstroTurf
873,6643,"Oldcastle Building Products/APG"
874,6641,"Blue Bell Ice Cream"
875,6640,"Boost Transport"
876,6639,"SIGMA Corporation"
877,6638,"Friedman Industries"
878,6635,"Troyer Foods"
879,6634,"Trinity Industries"
880,6632,"UCS Inc"
881,6630,"Your Way Trans LLC c/o Boost Transport "
882,6629,"Rayonier Advanced Materials"
883,6628,"General Dynamics & GD c/o Logikor"
884,6627,"Taylor Farms"
885,6622,"Semper Foods"
886,6618,"MIDWEST AIR TECHNOLOGIES"
887,6617,"Win Woo Trading"
888,6613,"Willoughby Industries"
889,6612,"Reckart Logistics Inc."
890,6611,"RJ Aluminum"
891,6610,"8th  Avenue"
892,6609,"JTS Direct"
893,6608,"Scotts Company/Miracle Grow"
894,6606,Oceania-Inc
895,6604,"Miller Industries"
896,6600,"TForce Worldwide Inc."
897,6599,ALDI
898,6598,"Thermal Design"
899,6597,"Kaiser Aluminum Corporation"
900,6596,"Pullman Sugar"
901,6595,"ClimateMaster, Inc."
902,6594,Birkenstock
903,6592,"Premium Steel Sales"
904,6589,"Lordstown Motors c/o CEVA Logistics"
905,6588,"Sumitomo Electric Industries, Ltd."
906,6587,"Kelvion, Rocore"
907,6586,"National Sugar Marketing"
908,6584,"Ledge Loungers"
909,6581,Acousa
910,6576,"Bailey Nurseries"
911,6572,"Deborah Schmidt Design Studio"
912,6570,"ASC Industries"
913,6569,AptarGroup
914,6567,Grimco
915,6566,"Brighton Sales"
916,6565,"Emergency Parts Logistics INC "
917,6564,Avmind
918,6562,"In-N-Out Burger"
919,6560,"Centric Parts"
920,6559,"Murphy Warehouse"
921,6558,"VIZIO C/O SLI"
922,6556,"Marco Group c/o AFS"
923,6555,"North American Lighting C/O Argus Logistics"
924,6550,"TMS Consortium"
925,6548,"Sutong CTR Inc"
926,6546,"Laird Plastics"
927,6544,"Ross Casting & Innovation"
928,6542,"International Precision Components"
929,6541,"Wild Zora Foods, LLC"
930,6538,"Trico Products Corporation C/O SLI"
931,6536,"DuPont Specialty Products USA LLC c/o CASS Information Systems "
932,6532,Nexterus
933,6530,"Nutek Natural"
934,6526,"Organic Valley"
935,6520,"Mueller Industries, Inc. c/o Hatfield Associates LLC "
936,6519,"MPW Industrial Services Inc"
937,6515,"J.D. Heiskell"
938,6512,Tenneco
939,6511,"Colorado Mills"
940,6509,Jets.com
941,6508,Shipfms
942,6507,"Wellborn Cabinet"
943,6506,"Kymera International"
944,6504,"LSI Logistics"
945,6503,Danone
946,6502,"United States Steel Corporation"
947,6500,"PIONEER COMMODITIES"
948,6499,"Precision Metal Works, Inc."
949,6498,"Motiv Power Systems"
950,6497,"VICTORY STEEL CO."
951,6496,"JBS/Pilgrims Pride"
952,6495,"3D Specialties/Dakota Fence"
953,6494,"Expeditors - Columbus"
954,6493,Boeing
955,6492,Newlifeparts
956,6491,"Orbis International"
957,6489,"Ferraro Foods"
958,6488,"G&C Foods"
959,6487,"Nutritional Manufacturing Services Scroll Up"
960,6486,"Allied Commodities LLC"
961,6484,"Poly Chem OMS, LLC"
962,6482,Kenmore-Envelope
963,6481,"Gemini Pharmaceuticals"
964,6480,"Sunny Dell Foods"
965,6479,"Lapp Insulators"
966,6478,"BakeMark USA LLC"
967,6477,"Vehtek c/o Argus"
968,6475,"E. M. BITTNER"
969,6474,"LB&B Associates"
970,6472,Winkler
971,6471,Chemserv
972,6468,"Dimensional Experts"
973,6467,"International Paper (customer in FW)"
974,6466,"RHI Magnesita GmbH"
975,6465,"Trane & American Standard"
976,6463,"Garrett Popcorn Shops"
977,6462,"Hansa Star Transportation"
978,6461,"Atlantic Grain"
979,6460,"KUEHNE + NAGEL INC"
980,6458,"Applied Products"
981,6457,"Progressive Glass Co"
982,6455,Hapco
983,6451,Arconic
984,6450,"Ahold Delhaize"
985,6449,"Centurion Industries"
986,6448,Stcloudwindow
987,6447,"Lippert Components"
988,6445,"Ta Chen International"
989,6443,"Pomps Tire Service"
990,6442,"International Keg"
991,6441,"BJs Restaurants, Inc."
992,6440,"Excel Metal Roofing LLC"
993,6439,"Global Chem Source Corp."
994,6438,Dekko
995,6437,"Metals of Honor"
996,6436,"H2O Innovation"
997,6434,"Holiday Outdoor Decor"
998,6432,Coilplus
999,6431,"Water Tech"
1000,6430,"Lx Hausys"
1001,6429,"Triple M Metal Inc"
1002,6427,Wastequip
1003,6425,"Athletica Sport Systems"
1004,6424,Verista
1005,6423,"Public Works Constructors"
1006,6422,"Ferrari Stampi"
1007,6420,Cosmedica-Skincare
1008,6419,Lechler
1009,6418,"POLAR INDUSTRIES, INC"
1010,6416,"TOP KATZ BROKERS, LLC"
1011,6413,"Europartners Mexico "
1012,6412,"Single Source"
1013,6410,SAMSUNG
1014,6408,"CLP Chemicals"
1015,6407,"Haifa Group"
1016,6406,Amcor-Usa
1017,6405,"BASF SE"
1018,6404,"Southern Chemical & Textiles"
1019,6403,"TIMAC USA"
1020,6402,"The TJX Companies"
1021,6400,"Chem One"
1022,6399,"Mead Johnson Nutrition"
1023,6398,Drexchem
1024,6397,Chemjet
1025,6396,"American Plastics"
1026,6394,Jennyservice
1027,6393,"Emery Oleochemicals"
1028,6392,"Wilkinson International"
1029,6391,GeoHay
1030,6390,"Inline Packaging"
1031,6387,"R3 Composites"
1032,6386,"Tesla Motors, Inc."
1033,6385,"Global Container and Chassis"
1034,6381,"Tencarva Machinery Company"
1035,6379,"Freudenberg Performance Materials"
1036,6377,"United Cargo Management INC"
1037,6376,"Sara Lee Desserts"
1038,6372,"Nypro, Inc"
1039,6370,"Oak canyon"
1040,6367,"R.W Logistics Services Corp."
1041,6364,"Shell Lubricants c/o Penske"
1042,6363,"Red Mountain Construction"
1043,6360,"BellPro Architectural LLC"
1044,6359,"CVS c/o Geodis"
1045,6356,"Premier Autos of Dallas"
1046,6354,newellsciences.com
1047,6352,"Millman Lumber"
1048,6351,"Stamford Ford Lincoln"
1049,6350,"Victory Automotive Group"
1050,6349,"TLS America c/o GEODIS"
1051,6344,"Fleet Street USA "
1052,6342,"Pinnacle Oil"
1053,6338,"Camera Security Trailers"
1054,6331,"TLC Ingredients"
1055,6329,"GATE PRECAST"
1056,6326,Driverge
1057,6323,"UTZ Quality Foods, LLC"
1058,6318,worldway
1059,6312,Nordic
1060,6307,"Basic Metals"
1061,6295,Tarco
1062,6288,"Nortek, Inc."
1063,6281,Abheonline
1064,6277,"Patrick Industries (Elkhart, IN)"
1065,6276,"Cashman Equipment Company"
1066,6275,"Newly Weds Foods"
1067,6270,"Geon Performance Solutions"
1068,6269,"Canusa Wood"
1069,6268,"Willert Home Products"
1070,6266,"Torin Drive International"
1071,6258,"Infinity Air Group"
1072,6254,"Oldcastle Infrastructure"
1073,6252,"Pinnacle Logistics"
1074,6250,"Paint Sundries Solutions, Inc."
1075,6240,"Kings Brand"
1076,6238,"Remuriate Technologies LLC"
1077,6230,"Eagle Eye Produce"
1078,6229,"Print Pro"
1079,6227,CMC
1080,6224,Nutri-Dyn/tonicsea.com
1081,6222," Dupont c/o XPO"
1082,6221,"Solomon Corporation"
1083,6220,"Dairyland Power Cooperative"
1084,6219,"Sommer Maid Creamery"
1085,6216,Boxit
1086,6210,"Fram Group Operations c/o ITS Traffic Systems"
1087,6209,"ICP Construction c/o Recon Logistics"
1088,6206,"Procter & Gamble"
1089,6205,"AbiMar Foods"
1090,6204,"Cancoil Thermal Corporation"
1091,6202,"ATI (ati ladish, ATI Titanium, ati forged products)"
1092,6201,"Leaf Home Safety Solutions"
1093,6197,"SF Planet"
1094,6194,"M-B Companies c/o Recon Logistics"
1095,6190,"Overhead Door Corporation"
1096,6189,"United Industries Corporation c/o Geodis"
1097,6185,Nexhaul
1098,6184,"Vera Bradley"
1099,6183,"Circle Fitness USA"
1100,6181,Mytourig
1101,6179,"HNRY Logistics"
1102,6173,Sandymount
1103,6168,Abrite
1104,6165,"Xchanger Inc "
1105,6157," Global Chemsource"
1106,6154,"Bad Dad Custom Motorcycle Finishes"
1107,6153,"Pallet Consultants Corp."
1108,6151,"BWI Companies"
1109,6137,"Graphic Packaging c/o CASS"
1110,6128,"Fortune Growers"
1111,6127,"Arctic Air Company"
1112,6125,"Central Packaging & Fulfillment, Inc."
1113,6124,"BKT Tires"
1114,6120,"Franklin Global Strategies"
1115,6119,"seedbox solution"
1116,6117,"DM Transportation "
1117,6116,Livingston
1118,6115,PlastiCycle
1119,6114,"Valbruna Stainless INC"
1120,6113,"Husqvarna c/o eShipping"
1121,6111,"UPS Autogistics"
1122,6109,"GKN Freight Services, GKN Wheels"
1123,6107,"Parksite Inc."
1124,6106,"Jupiter Aluminum Corporation"
1125,6105,"Corelle Brands"
1126,6103,continentallogistics.net
1127,6102,Tencate
1128,6096,"IMPERIAL FREIGHT BROKERS, INC."
1129,6093,"Northstar Recycling"
1130,6091,Cvista
1131,6090,"Han Co"
1132,6086,"DSV = Drayage Service"
1133,6085,"Howmet Aerospace"
1134,6083,"SILENT BLUE INC."
1135,6081,"RailWorks Corporation"
1136,6079,"10-75 Emergency Vehicles LLC"
1137,6078,frys.com
1138,6075,"Pipeline Packaging c/o Recon Logistics"
1139,6074,"Choice Plastics, Inc."
1140,6073,"LeafFilter North"
1141,6070,Flavorseal
1142,6069,Multimatic
1143,6068,"Grassland Dairy Products, Inc"
1144,6065,"Flo Fab"
1145,6063,"Lithia Motors"
1146,6062,"Forge Precision/Forge Die & Tool Company"
1147,6060,"B F Nelson"
1148,6057,"NSK Americas"
1149,6056,"Sultana Distribution Services, Inc"
1150,6054,"Tanning Supplies Unlimited"
1151,6048,"Kingdom Farms"
1152,6047,"U.S. State Department"
1153,6046,"Patriot Aluminum"
1154,6043,"ProvisurTechnologies, Inc."
1155,6033,"American Rail Industries & American Rail Industries c/o Transplace Texas, LP"
1156,6031,"Steelcraft Automotive"
1157,6028,"Universal Scrap Metals"
1158,6027,"Multiseal, Inc."
1159,6026,"Ryerson Holding Corporation"
1160,6024,"Muchsee Wood Inc"
1161,6021,"Heaven Hill Brands"
1162,6003,"Universal Lighting Technologies c/o XPO"
1163,6002,Syngenta
1164,5995,"Freight International "
1165,5992,"Henkels & McCoy"
1166,5989,"Perimeter Global Logistics"
1167,5988,"Vantec Inc."
1168,5987,"NASA Machine Tools"
1169,5986,"Ashburn Industries Inc"
1170,5983,"Lindsay Irrigation Solutions"
1171,5980,"Titanium Transportation Group"
1172,5978,"CVS Health"
1173,5977,"Dunhill Inc"
1174,5972,"AXN Heavy Duty"
1175,5971,"UPS Ocean Freight Services"
1176,5970,"Azteca Milling (Gruma, Mission Food) c o Ruan"
1177,5966,Amazon
1178,5964,"Roxcel Corporation "
1179,5963,"Nolan & Cunnings Inc"
1180,5962,EFI
1181,5958,"Peerless Plastics"
1182,5955,overstock
1183,5949,"Liberty House Group USA"
1184,5946,"Phillips Pet Food & Supplies (customer)"
1185,5945,"Toppling Goliath Brewing Co."
1186,5940,"Foodmate US"
1187,5937,"SRW Products"
1188,5933,"Flagship Food Group"
1189,5929,"TI Automotive c/o Penske"
1190,5927,"MACALLEN CHEMICAL, INC."
1191,5924,"Dunlop Aircraft Tyres"
1192,5921,"Quality Parts Supply LTD "
1193,5919,"Kubota Tractor Corporation"
1194,5914,"Hale Trailer Brake & Wheel"
1195,5913,"Win-Holt Equipment"
1196,5907,"Textron/Kautex c/o ProTrans"
1197,5905,"NTN Bearing"
1198,5897,"Emerson Healthcare c/o Geodis"
1199,5896,trackfarmer.com
1200,5891,"Dana Incorporated"
1201,5888,Meijer
1202,5886,Evermark
1203,5882,"Zuidberg North America"
1204,5880,"Ross Industries"
1205,5878,"Schenker - SFO "
1206,5872,"Technical Tool / PRI ROBOTICS"
1207,5871,"ARC Supply Chain Solutions"
1208,5870,"Sanhua USA"
1209,5869,"Resideo "
1210,5868,"Exceptional Motorcar"
1211,5861,"Specialty Vehicles"
1212,5859,"The Pasha Group"
1213,5858,Dak-Solutions
1214,5856,"Regal Beloit c/o XPO"
1215,5851,"Albertsons Companies"
1216,5850,"Blackburn OEM Wheel Solutions"
1217,5849,"Quality Wood Floors Inc"
1218,5844,"Majestic Stone Imports"
1219,5838,"Indie Energy Inc "
1220,5834,"Seaboard Corporation"
1221,5831,"Intsel Steel West"
1222,5828,"MJ Kellner"
1223,5816,"Flour City Bending"
1224,5814,AdvanSix
1225,5812,Steinwall
1226,5810,"Exel Logitech LLC "
1227,5807,"England Logistics"
1228,5805,"Airboss c/o Penske"
1229,5802,"Advanced Strobe Products, Inc."
1230,5799,"Bombardier C/O DSV"
1231,5798,Aptiv
1232,5797,"Charter Link "
1233,5795,"Knox Fertilizer Company, INC"
1234,5794,"Collins Bus Corporation"
1235,5791,"Global Plastics"
1236,5788,"Dow Corteva c/o XPO "
1237,5787,"Erdman Automation"
1238,5778,"Phillips Distilling/United States distilling"
1239,5777,"Shoe Carnival"
1240,5774,"RITE PRICE FOODS"
1241,5771,"Denton Plastics"
1242,5767,"LINCOLN PROVISION, INC"
1243,5765,TASUS
1244,5763,"Toyota Material Handling"
1245,5757,"Bryant Preserving"
1246,5756,"Azteca Bakeries "
1247,5752,"HarbisonWalker International"
1248,5750,"3PL Solutions LLC "
1249,5748,"Dynamic Connections"
1250,5745,"Johns Manville"
1251,5744,"Alexandria Moulding"
1252,5742,"CIL Freight INC "
1253,5741,"Empire Express"
1254,5737,"Waupaca Northwoods LLC"
1255,5735,"McNeill Chevrolet Buick"
1256,5729,"School Specialty, Inc."
1257,5720,"AZ Color Pros"
1258,5719,Kirklands
1259,5718,"Topocean Consolidation Service INC"
1260,5715,"Anchor Danly"
1261,5713,Caterpillar
1262,5711,"Creative Foam"
1263,5705,"Plasman c/o Argus Logistics and TPS"
1264,5703,"GLT Fabricators Inc."
1265,5702,nibco
1266,5699,"ADS c/o DHL"
1267,5692,Weilanddoors
1268,5691,"Welch Packaging"
1269,5690,"Nachi Robotic Systems"
1270,5688,"Yakima Fresh"
1271,5686,"Steel City Lumber INC "
1272,5684,"Chase Corp c/o Totalogistix"
1273,5683,"Expeditors - SFO"
1274,5681,Yazaki
1275,5674,"Twin City Fan Companies"
1276,5672,"ATWOODS C/O RYDER"
1277,5671,CHEMSPEC
1278,5670,"Automated Agri-Systems/Cabot"
1279,5669,"Essex Group c/o Transplace Texas"
1280,5661,"Teasdale Foods c/o Ryder"
1281,5659,"Robotic Technical Support Services"
1282,5653,"Florim USA"
1283,5652,"Meow Logistics "
1284,5649,"Cambro Manufacturing Company"
1285,5646,"Plaskolite & Plaskolite c/o ODW"
1286,5642,"Bethel Farms"
1287,5641,Trelleborg
1288,5639,"Piston Group"
1289,5631,"Corrigan Moving Systems"
1290,5630,"King of Freight"
1291,5629,"Kenney Manufacturing"
1292,5623,"KP WOOD"
1293,5622,"Budget Car and Truck Rental of Nebraska"
1294,5621,"Michigan Peat Company"
1295,5619,"CHOMARAT Group"
1296,5618,"Evoqua Water Technologies LLC"
1297,5617,"Stark Forest Products"
1298,5615,"Universal Package"
1299,5613,"The Haartz Corporation"
1300,5607,"Schenker, INC.- Indiana "
1301,5603,"Federal Emergency Management Agency"
1302,5598,PalletOne
1303,5593,"Dicastal Logistics Group"
1304,5592,"KRAFT WERKS ENGINEERING, LLC"
1305,5586,"Mizkan c/o Geodis"
1306,5583,"HYSTER-YALE C/O RYDER "
1307,5582,ComDoc
1308,5579,"AEES & PKC Group c/o XPO"
1309,5578,"Demers Ambulances"
1310,5573,"Sunbelt Forest Products Corporation"
1311,5572,"SureBuilt Concrete Forms & Accessories"
1312,5568,"Quincy Recycle Paper, INC "
1313,5564,"Walmart, Inc."
1314,5562,"Cardinal Glass/Fremont"
1315,5552,"Exelon Corporation"
1316,5544,"Verizon C/O Ryder "
1317,5542,"Atlantic Rack "
1318,5541,Garaga
1319,5536,"Mid-Am Metal Forming, Inc."
1320,5535,"Dunhams Sports"
1321,5534,"Waukesha Metal"
1322,5533,"Meredith Corporation"
1323,5528,"Panel Processing, Inc"
1324,5526,"Precision Laboratories LLC"
1325,5518,"BAE Systems"
1326,5517,"Sony - RE-Trans (Not DHL)"
1327,5514,kwiktrip
1328,5513,"Wells Enterprises"
1329,5509,Trafigura
1330,5508,"Nissan & Nissan C/O Venture Logistics ALMS"
1331,5507,"American Honda Motor Co., & c/o CEVA"
1332,5506,"Subaru c/o Venture Logistics"
1333,5503,"Apex Filling System"
1334,5497,"Marigold Inc"
1335,5490,Nothum
1336,5488,"KLINGE CORPORATION"
1337,5483,"SuperValu Ireland"
1338,5476,"Just Inventory Solutions"
1339,5469,"Lancaster Container Inc."
1340,5466,Autoliv
1341,5461,jadcore
1342,5460,"Ingevity c/o CLX Logistics"
1343,5458,"Uline "
1344,5454,"IMS Retail"
1345,5453,"SEKO Logistics"
1346,5452,"South Chicago Packing"
1347,5451," Carrier Corp & Carrier Corp c/o DHL"
1348,5448,"Kompan, Inc. (Playground Equip.)"
1349,5447,"CASS,INC, Custom Alloy Sales"
1350,5446,Truck-Lite
1351,5440,"Home Depot"
1352,5438,"Hormel & ALL SUBS"
1353,5433,"Heartland Automotive Inc"
1354,5431,"Emser Tile"
1355,5430,"OTW Safety"
1356,5429,"Mastronardi Produce/Sunset Foods/Sunset Produce"
1357,5426,"LinkMax Paper Ltd."
1358,5425,"Focus Brands"
1359,5424,"Dakota Outerwear"
1360,5423,"J.F. Shea Co., Inc."
1361,5422,"Advanced Turf Solutions"
1362,5420,"Expeditors - Phoenix"
1363,5419,"DANELLA COMPANIES, INC"
1364,5416,"Expeditors - Buffalo"
1365,5413,MAXISALT
1366,5412,PaperWorks
1367,5410,"Havener Enterprises"
1368,5409,"Superior Hardwoods"
1369,5407,"Golden State Foods c/o Central Freight Mangement"
1370,5406,"Bashas Inc. c/o Central Freight Mangement"
1371,5405,"Desco Steel"
1372,5402,"Flexsol Packaging Corp "
1373,5401,"Donco Recycling Solutions"
1374,5400,"Elgin Beverage"
1375,5399,"TBC Brands"
1376,5397,"Inteplast Group"
1377,5395,"Midwest Logistics Systems "
1378,5393,"FieldTurf USA. INC."
1379,5391,ENVIROPLAS
1380,5389,"ANIXTER c/o RYDER & All of Wesco"
1381,5386,Macdivittrubber
1382,5383,"Truck Bodies & Equipment International"
1383,5380,Eucatex
1384,5377,"Hobby Lobby"
1385,5376,"Pixelle Specialty Solutions"
1386,5375,"Dalton Farms Inc."
1387,5374,"Webb Wheel Products, Inc."
1388,5372,FDSI
1389,5371,"Innophos C/O CH ROBINSON"
1390,5369,"Stora Enso c/o IntelliTrans"
1391,5368,"The David J. Joseph Company"
1392,5367,"REB Storage Systems International"
1393,5366,"Bradford Company"
1394,5360,"Jabil Hanover Park "
1395,5355,"New Flyer"
1396,5353,"Three D Metals"
1397,5351,"LAPP Group USA"
1398,5349,"McLane Company"
1399,5348,"Marcus Technology"
1400,5347,"Universal Motion Components CO"
1401,5343,"Addison Foods"
1402,5342,"Marubeni Corporation"
1403,5341,"L&L Products c/o Argus Logistics"
1404,5337,"Hirata Corporation of America"
1405,5332,"Nassau National Cable"
1406,5330,"Graphic Packaging International "
1407,5327,"ELG Haniel Metals"
1408,5321,"Rim Logistics"
1409,5320,"Jessie Lord Bakery"
1410,5319,"Watts Water Technologies"
1411,5318,"Meateor Foods"
1412,5317,conitech.com
1413,5313,"Blackhive Corp."
1414,5309,"Hexcel Corporation"
1415,5304,"Talking Rain c/o XPO"
1416,5303,"Traeger Brothers & Associates"
1417,5302,"Native American Logistics"
1418,5314,"Packaging Corporation of America"
1419,5300,"Vitro C/O Transplace"
1420,5298,"Rohrer Corporation"
1421,5296,"U.S. Department of Veterans Affairs"
1422,5293,"ENERGY TRANSPORTATION GROUP"
1423,5286,"RMF Nooter"
1424,5285,"Expeditors - New York"
1425,5281,"Wiggins Tree Farm"
1426,5279,"Ewing Irrigation & Landscape Supply"
1427,5278,"Expeditors - McAllen"
1428,5277,"New-Indy Containerboard"
1429,5273,"FNS Inc"
1430,5270,BlastOne
1431,5267,"Forbo Group"
1432,5266,Convoy
1433,5265,"Continental Lift Truck Corp "
1434,5261,"ascot valley foods"
1435,5259,"Continental Building Products"
1436,5258,Aspenhome
1437,5253,Boscovs
1438,5252,"Southwest Metals"
1439,5251,"Highland Wholesale"
1440,5249,"Joyson Safety Systems"
1441,5248,"Isolatek International"
1442,5247,"Global Foods Inc "
1443,5245,"Quality Pork International"
1444,5244,Navistar
1445,5243,Arnoldmachinery
1446,5240,"Windset Farms"
1447,5238,"U.S. Minerals"
1448,5236,Lumen
1449,5235,"Crystal Distribution INC"
1450,5233,"Midwestern Equipment LLC "
1451,5230,"SpartanNash Company"
1452,5229,"Estes Design and Manufacturing"
1453,5228,"Cimco Resources"
1454,5227,"Expeditors - Savannah"
1455,5224,"Natural Choice Farms"
1456,5222,"Expeditors - Chicago"
1457,5221,"Graham Packaging Company/Graham Packaging c/o TMC"
1458,5219,"Kerry Inc."
1459,5217,"Simplot Foods"
1460,5216,Diazteca
1461,5215,"Patrick Industries"
1462,5211,"Steel and Pipes INC "
1463,5207,"Holland Southwest International"
1464,5202,"UPS Directship c/o Coyote"
1465,5200,"Imperial Sugar"
1466,5198,Rinchem
1467,5196,Huhtamaki
1468,5189,"Expeditors - Memphis"
1469,5188,Precisepet
1470,5187,Magna
1471,5184,CSS
1472,5176,"Abaco Steel Products"
1473,5174,"Tosca & Tosca c/o Transplace"
1474,5172,Sweetwater
1475,5171,"bp p.l.c."
1476,5170,"LEXMARK C/O RYDER"
1477,5169,"The Goodyear Tire & Rubber Company"
1478,5167,"Delta Air Lines"
1479,5165,"UniCarriers Americas c/o Geodis"
1480,5160,"Hampton Lumber"
1481,5158,GAF
1482,5157,"Central National Gottesman"
1483,5153,"Evergreen Packaging c/o TMC"
1484,5152,"Hostess Brands C/O E2OPEN, Hostess c/o BluJay "
1485,5147,"Bergen Logistics"
1486,5146,"CB Transportation"
1487,5142,Nidec
1488,5141,Lennox
1489,5140,"Festool USA c/o DLS"
1490,5139,"Dart container"
1491,5135,"Toyota c/o Penske"
1492,5130,"The Golf Warehouse"
1493,5127,"LSC Communications"
1494,5124,"Louis Padnos Iron and Metal Company c/o CASS"
1495,5121,"Lubrizol c/o Ryder Transportation Management "
1496,5117,"Ampro INC Material Handling"
1497,5116,"Army & Airforce Exchange Service The Exchange"
1498,5115,"RAVAGO AMERICAS/Channel Prime Alliance C/O Luhu Logistics"
1499,5110,"Challenger Lifts"
1500,5108,"SCP Distributors"
1501,5104,"Concannon Lumber"
1502,5100,"Pittsburgh Glass Works"
1503,5097,"Spencer Gifts"
1504,5096,"US Petrolon Industrial"
1505,5092,"Beasleys Orchard"
1506,5090,"National Salvage & Service"
1507,5087,"Atlantic Packaging"
1508,5086,"Sumiden Wire"
1509,5082,"Industrial Commodities "
1510,5081,"Ally Logistics"
1511,5074,"CANADIAN TIRE CORPORATION LIMITED"
1512,5069,"Vanguard National Trailer Corp."
1513,5065,"Western Pacific Oils LLC "
1514,5061,Wayfair
1515,5055,"Midwest Service Supply Inc"
1516,5053,"Ford Motor Company c/o Penske"
1517,5052,Electri-Flex
1518,5049,"Cite Armored"
1519,5047,Jax
1520,5046,"North River Wood Products"
1521,5045,"Clark County Auto Auction"
1522,5040,Burlesons-Honey
1523,5038,"Johnson Controls"
1524,5028,"Herc Rentals"
1525,5019,"Claxton Poultry Farms"
1526,5018,"Ferrara Candy Company"
1527,5010,"Zytech Building Systems, Inc."
1528,5008,"Huron Valley Steel"
1529,5004,Indusco
1530,5002,"Bone Dry Dewatering LLC "
1531,5001,AutoZone
1532,4995,"Repurposed Materials"
1533,4992,"The Phoenix Group Metals Company"
1534,4988,"Disney, Walt Disney, Walt Disney World"
1535,4985,"Akzo Nobel c/o CLX Logistics "
1536,4981,Henkel
1537,4973,"AGCO Corporation"
1538,4965,"Ascent Global Logistics"
1539,4963,"Detroit Tubing Mill"
1540,4962,"Cowtown Materials"
1541,4961,"Mid Florida Material Handling"
1542,4960,"Triple-S Steel"
1543,4959,"Klein Products"
1544,4953,"Pabst Brewing Company c/o Geodis"
1545,4947,"BRP C/O Penske"
1546,4946,Homebyames/ClosetMaid
1547,4944,"Specialty Foods Distribution"
1548,4933,MSC
1549,4927,"Olympic Steel"
1550,4924,"Timber Lake Foods"
1551,4918,bemis
1552,4917,"MRC Global"
1553,4910,"Ryder - c/o ExxonMobil-Lubricant "
1554,4907,"American Foods Group"
1555,4906,"Wire Mesh CORP"
1556,4903,Deflecto
1557,4899,"Quest Nutrition/Simply Good Foods"
1558,4896,"All Power, Inc."
1559,4892,"Lundberg Family Farms"
1560,4888,Sherwin-Williams
1561,4879,"Signode Industrial Group LLC"
1562,4876,"Harris Supply Solutions"
1563,4867,"Tufts Grinding"
1564,4863,"BTX Global Logistics"
1565,4861,"Irwin Seating Company"
1566,4856,"Pregis Corporation"
1567,4852,"Boart Longyear"
1568,4846,Sirva
1569,4843,"Crary Industries"
1570,4839,"VASCOR, LTD."
1571,4835,"National Automotive Parts Association"
1572,4834,"Dubois C/O Odyssey Logistics"
1573,4830,"T&B Tube"
1574,4826,Kroger
1575,4824,"LEI Recycling "
1576,4818,"Metal Sales"
1577,4812,Everchem
1578,4811,"Tournesol Siteworks"
1579,4806,"PERI Formwork Systems"
1580,4794,"Red Gold, Inc."
1581,4783,"Transnow INC "
1582,4782,"NTG Air & Ocean "
1583,4781,"SCOT INDUSTRIES"
1584,4780,CANTEX
1585,4779,"Globex International Group Inc"
1586,4776,Bebofresh
1587,4775,"Spartech c/o SLI"
1588,4774,"Next Generation Logistics Inc"
1589,4766,IXM
1590,4757,"Universal Forest Products, Inc"
1591,4754,"Tocumen Produce"
1592,4752,"WWG, INC"
1593,4749,"Sol Group Melons"
1594,4747,"Colt Refining and Recycling"
1595,4746,"Suncast Corporation"
1596,4738,Steiner-Atlantic
1597,4736,"Graphic Packaging International c/o Match Pay"
1598,4732,"Sig Sauer"
1599,4728,"UPS SUPPLY CHAIN SOLUTIONS"
1600,4714,"TRANSTEX LLC"
1601,4709,"Charter Manufacturing c/o charter steel "
1602,4702,"Case Farms"
1603,4701,Masonite
1604,4695,"Glanbia Foods"
1605,4691,Muller
1606,4680,"Bar-s Foods/Sigma Foods"
1607,4669,"Dasco Inc"
1608,4661,Eaton
1609,4660,"MAG USA"
1610,4658,"Gerdes Wholesale Nursery"
1611,4653,"The Tire Rack "
1612,4650,"Grove Services"
1613,4636,"Commodity Marketing"
1614,4632,"Golden State Crating INC"
1615,4630,"Reinke Manufacturing Co. Inc"
1616,4628,"Battle Associates"
1617,4626,"Dix Block & Supply Company "
1618,4620,Unyson
1619,4616,"Farm Direct Supply INC "
1620,4614,Storage-Solutions
1621,4610,"NEIGHBORS CONSTRUCTION"
1622,4609,"Jetro/Restaurant Depot"
1623,4602,"Bottomley Evergreens/Website by Hazel Digital Media"
1624,4599,"Acument Global Technologies, Inc"
1625,4598,"Amneal Pharmaceuticals LLC"
1626,4596,"Roland Corporation"
1627,4594,"Bendix c/o Ryder "
1628,4593,WireCrafters
1629,4587,Mersino
1630,4586,"Music Theatre West"
1631,4585,"Zekelman Industries"
1632,4583,"Valmont Industries, Inc"
1633,4582,"Rockwater c/o Ryder Freight Managment Group "
1634,4576,"ITC Manufacturing"
1635,4572,"Easterday Farms"
1636,4569,"Anew Transport"
1637,4568,"Seawright Custom Precast INC "
1638,4557,"Buntrock Industries"
1639,4551,"Smart Surplus INC "
1640,4548,"Hercules Industries INC"
1641,4542,"Evergreen Turf"
1642,4537,"Niagara Bottling"
1643,4536,"Protective Industrial Products"
1644,4535,"International Paper"
1645,4526,"United Supply Corp"
1646,4520,"Penn Pallet"
1647,4519,"Strauss Feeds LLC "
1648,4518,"Joseph Campione, Inc."
1649,4516,Expeditors
1650,4514,"Pillar Machine"
1651,4511,"CONTRIVANCE INC"
1652,4505,Schletter
1653,4501,"Plymouth Tube Co."
1654,4497,"Pepper Source"
1655,4496,"Kerkstra Precast"
1656,4495,"Simmons Foods"
1657,4490,"Western Trading CO"
1658,4472,"Ardagh Group"
1659,4469,Gladon
1660,4460,"IAC c/o ProTrans International Inc"
1661,4456,"Bridgewell Resources"
1662,4452,"Blake Farms"
1663,4448,"Rocky Mountain Steel Services INC "
1664,4447,"Giant Finishing INC "
1665,4432,"Defense Logistics Agency"
1666,4430,Boydandsons
1667,4429,"ALG Worldwide Logistics"
1668,4428,"Nexteer Automotive Corporation"
1669,4426,"Tech Transport, Inc."
1670,4423,"IAC Group"
1671,4419,Smith+Griffin
1672,4416,"CK Technologies"
1673,4404,"Nova Steel"
1674,4402,Gsiag
1675,4396,"EHI Installations INC "
1676,4394,"Rhino Linings Corporation"
1677,4391,"ATCO Rubber Products"
1678,4378,Endicott
1679,4372,"Warehouse Rack "
1680,4369,"Ham Farms INC"
1681,4366,Snorkel
1682,4351,"Weis Buy Farms INC "
1683,4349,Tolucafoods
1684,4346,"Alpine Summit Sales Inc "
1685,4339,"Central Expanded Metal"
1686,4338,"Coremark Metals"
1687,4337,"GM CCA c/o XPO Worldwide"
1688,4328,"Totten Tubes"
1689,4326,"CR Farms INC "
1690,4324,"FORD C/O SCHNEIDER LOGISTICS"
1691,4323,"Al Dahra ACX Global, Inc."
1692,4320,"Polypro Recycling"
1693,4317,"Kewaunee Scientific"
1694,4316,"RSM Co"
1695,4304,OmniMax
1696,4301,"La Tortilleria Del Cuervito Morado/Purple Crow"
1697,4298,"Tex Door LTD "
1698,4289,"Advanced Marketing Group, LLC"
1699,4284,"SAMUEL (Doral Steel)"
1700,4281,Mohawkglobal
1701,4279,"Algoma Steel Inc."
1702,4277,"Ineos c/o IntelliTrans"
1703,4266,"Legend Produce"
1704,4265,"Cell Trees INC "
1705,4248,Macys
1706,4237,"SARATOGA CHIPS"
1707,4236,"Giumarra Vineyards"
1708,4231,"One World Beef"
1709,4216,"Harbor Green Grain"
1710,4206,Komatsu
1711,4193,"Penco Products"
1712,4185,"Autoneum c/o AFS"
1713,4184,"Fisher Ranch"
1714,4183,"US Postal Service c/o TMC"
1715,4182,"The Country Malt Group"
1716,4171,"A & B Equipment"
1717,4170,"Chase Plastics"
1718,4168,"Monterey Mushrooms"
1719,4152,"Skyway Precision"
1720,4146,"United With Earth"
1721,4143,"Horizon Distributors"
1722,4142,"Superior Grocers"
1723,4140,"Lancaster Foods"
1724,4137,"Amentum Services, Inc."
1725,4136,"Axalta Coating Systems c/o Argus"
1726,4133,"Ta Lin INC "
1727,4131,"Clark Foam Products"
1728,4124,Feralloy
1729,4117,"Paris Corp "
1730,4110,"Insteel Industries"
1731,4103,"Oklahoma Steel & Wire, Inc."
1732,4099,Grafairfreight
1733,4097,"G & I Products "
1734,4096,"Real Wood Products"
1735,4088,"Constellium Muscle Shoals, LLC"
1736,4087,"Vulcan Drying"
1737,4085,"Able industrial Products INC "
1738,4065,"Poly Source, LLC"
1739,4063,"Jazzmen Rice"
1740,4051,"Sandler Bros"
1741,4049,Wirco
1742,4046,"BLUE DIAMOND C/O PENSKE "
1743,4043,"AIT Worldwide Logistics"
1744,4042,"D Mart INC"
1745,4031,"Interamerican Foods Corporation "
1746,4025,"DANA FOODS, INC "
1747,4024,"Berry Global"
1748,4022,"Kirnland Food Distribution "
1749,4018,"Paveloc Plus"
1750,4008,"Lighten the Load"
1751,4000,
1752,3997,"Janus International"
1753,3993,"Vision Import Group"
1754,3988,"Genesis Today"
1755,3984,ULTRAKOTE
1756,3983,"Big Tex Trailers"
1757,3975,"Old World Industries"
1758,3964,"Mahle Behr c/o Protrans International Inc"
1759,3956,"Langer Juice Company, Inc."
1760,3946,"Transform Automotive c/o Argus Logistics"
1761,3945,"Echo Lake Foods, Inc."
1762,3937,"ICAT Logistics INC"
1763,3933,"BLUEGRACE LOGISTICS"
1764,3932,"Mercedes-Benz USA, LLC"
1765,3928,"Artistic Pavers"
1766,3925,"The Little Potato Company"
1767,3924,"Durr Systems"
1768,3916,"Shell c/o C.H. Robinson"
1769,3901,"Reclaimed West"
1770,3898,ELEMETAL
1771,3890,Dober
1772,3869,"Precision Air Cargo "
1773,3842,"Alliance Wire & Steel"
1774,3838,"Interlake Mecalux"
1775,3837,"Aaron Logistics"
1776,3826,Novamex
1777,3825,"Tops Well Services"
1778,3817,Shrieve
1779,3815,Befco
1780,3807,Achiewell
1781,3800,"Isomeric Industries Inc "
1782,3785,"Busche Enterprise"
1783,3780,"Expeditors - Indianapolis"
1784,3773,"Baillie Lumber"
1785,3750,"Intelligent Blends"
1786,3749,"Arrowhead Steel"
1787,3736,"GLY EXPO LOGISTICS "
1788,3735,"Next Specialty Resins, Inc."
1789,3726,"Sun Belt Food Company, Inc."
1790,3719,"Covenant Food Marketing"
1791,3715,"Cooper Standard"
1792,3712,CRST
1793,3705,"Niagara LaSalle"
1794,3701,"Ed Miniat"
1795,3700,"Midland Foods Distribution "
1796,3695,"Cummins Inc/Meritor, Inc. (Incl Fabco)"
1797,3693,Bomgaars
1798,3688,Hartzell
1799,3683,"Wolverine Hard Woods"
1800,3680,"Lakeview Cheese Company"
1801,3679,"Great Lakes Compressed Air"
1802,3664,jjcores.com
1803,3645,"Niche Polymer"
1804,3635,"Wesmar Steel"
1805,3633,"Wells Auto Group"
1806,3629,"Harmer Steel Products Co"
1807,3620,"Charta Global"
1808,3618,"Bulldog Boiler Rentals Inc "
1809,3612,"Joy Cone"
1810,3608,"Atlantic Beverage Distributors"
1811,3603,"SIPPEL STEEL FAB"
1812,3596,"Pumpkin Patch Fundraisers"
1813,3587,"Snax In Pax"
1814,3574,"Access World"
1815,3567,"Macro Industries"
1816,3562,"Stellantis (Fiat, Mopar)"
1817,3558,"Hand Family Companies"
1818,3553,"TOWER AUTOMOTIVE C/O BluJay"
1819,3539,"Volta Logistics"
1820,3528,"Freedom Steel"
1821,3524,"Wayne Manufacturing LLC "
1822,3510,Esmark
1823,3501,Stella-Jones
1824,3496,"AMERICARE ROYAL"
1825,3488,"TTI Tubulars"
1826,3485,"Deister Machine"
1827,3480,Grainger
1828,3474,"TREASURE VALLEY SEED COMPANY LLC"
1829,3473,"Solid Details"
1830,3468,"Flowserve Corporation"
1831,3465,"Doskocil Petmate"
1832,3464,"Swarco "
1833,3444,"NDL Keg"
1834,3438,"VULCAN PRODUCTS CO."
1835,3437,"TGR Logistics"
1836,3434,"Averitt Express Inc"
1837,3429,"Evergreen Exhibitions"
1838,3420,"Rocky Mountain Colby Pipe Company"
1839,3419,"Palogix Supply Chain Services"
1840,3405,"Norbord/West Fraser  "
1841,3404,"Creative Materials"
1842,3390,Riversiderefractories
1843,3389,"Pilot Freight Services"
1844,3376,Nichiha
1845,3364,Technicolor
1846,3349,"Best Block"
1847,3337,"Ohio Logistics"
1848,3336,"Java Holdings"
1849,3313,"Steel Technologies LLC"
1850,3310,Bitec
1851,3296,"G&H Diversified Manufacturing"
1852,3291,"Cargill Meat Logistics (customer)"
1853,3283,"Grand Steel"
1854,3277,Pepsico
1855,3269,"Reef Industries"
1856,3267,Bosal
1857,3265,"Sullair c/o Recon Logistics"
1858,3256,"Schwope Brothers Tree Farms"
1859,3254,Matalco
1860,3250,"Champion Packaging & Distribution Inc."
1861,3241,"Curtis Products"
1862,3237,"USS-POSCO Industries"
1863,3236,Vossloh
1864,3206,"ONeal Steel"
1865,3204,"General Motors - Vehicle"
1866,3203,"SCHNEIDER LOGISTICS C/O AVIENT "
1867,3201,"Otis Elevator Company C/O Ryder Logistics "
1868,3197,"Accuride Corporation"
1869,3196,"Third Coast Commodities"
1870,3190,"Sheffield Metals International"
1871,3166,"Beacon Roofing Supply Inc"
1872,3161,"Kahn Steel"
1873,3159,"Giltner Logistics"
1874,3154,"Cumberland Diversified Metals"
1875,3137,"CEVA Ground"
1876,3057,"Fersps/Franklin Equipment"
1877,3031,"Dakkota Integrated Systems, LLC"
1878,3012,"Firestone Building Products Company"
1879,3007,"Vimich Traffic Logistics"
1880,3002,"Koch Industries"
1881,2998,"Northern Manufacturing Co., Inc."
1882,2993,"Bowling Green Metalforming a division of Magna-Cosma"
1883,2947,"FUJITSU C/O ALLSTATES-WORLDCARGO"
1884,2937,"Norfolk Iron & Metal"
1885,2930,"SLC Nationwide"
1886,2927,"Chicago Heights Steel"
1887,2910,"Illinois Lift Equipment"
1888,2907,"Robert Bosch c/o ProTrans International Inc"
1889,2902,Outokumpu
1890,2890,"Borrman Metals "
1891,2870,"Alabama Brick"
1892,2822,"MTD Products Inc"
1893,2813,"Masterbrand Cabinets INC "
1894,2810,"Grupo Logico"
1895,2806,Seaspace-Usa
1896,2771,Anheuser-Busch
1897,2738,"Arbon Steel & Service Company, Inc."
1898,2733,"E W WYLIE CORPORATION"
1899,2732,"JTEKT North America"
1900,2730,"Morgan Wood Products"
1901,2727,"American Food Distributors Inc "
1902,2704,"Garick LLC"
1903,2676,Menards
1904,2653,"Central Steel & Wire"
1905,2642,"DHL Global Forwarding - ExWorks"
1906,2618,"InterCity Direct LLC"
1907,2616,"Harris Rebar"
1908,2606,Bsgcraft
1909,2605,Hydro-Extrusions
1910,2595,Fastenal
1911,2589,"Novelis / Aleris (Parent)"
1912,2552,"Amsted Industries"
1913,2542,"Kloeckner Metals Corporation"
1914,2530,"Bull Moose Industries/Bull Moose Tube Company"
1915,2527,"Ahern Rentals c/o AXT"
1916,2520,"Owens Corning"
1917,2499,"Union Pacific Corporation"
1918,2493,"Atlas Logistics"
1919,2489,PakFab
1920,2472,"Harbour Group"
1921,2464,Alcoa
1922,2462,Flex-N-Gate
1923,2458,"Corey Steel Company"
1924,2457,MSA
1925,2451,Glencore
1926,2432,"HNI Corporation"
1927,2429,"Great Dane & Atlantic Great Dane"
1928,2427,"KIK Custom Products Inc."
1929,2426,Serpentix
1930,2423,Melaleuca
1931,2405,"ADM - Archer Daniels Midland"
1932,2398,"Max Trans Logistics"
1933,2396,"Robert Bosch LLC"
1934,2388,Certainteed
1935,2387,"LOGISTICS INTERNATIONAL LLC"
1936,2370,"Volk Transfer"
1937,2363,"JM Eagle"
1938,2358,"Heartland Supply"
1939,2357,"Bach Polymers/Hershmancapital.com"
1940,2351,TRAXYS
1941,2349,Delmar-Group
1942,2342,"American Wood Fibers"
1943,2340,"Han-Tek INC "
1944,2339,Pella
1945,2332,"Doka GmbH"
1946,2328,"Applied Industrial Technologies"
1947,2327,Bekaert
1948,2321,Clinow
1949,2320,"Midway Products"
1950,2313,"CMOUTS LLC"
1951,2269,"MackayMitchell Envelope"
1952,2267,Matcor-Matsu
1953,2265,Nbssc
1954,2258,Unitedsteelandfasteners
1955,2253,"Southmark Forest Products"
1956,2247,"Tele-Fonika Cable Americas"
1957,2242,"LIPSEY LOGISTICS WORLDWIDE LLC"
1958,2200,"U-Haul International, Inc/ Amerco Inc."
1959,2157,"Hascall Steel"
1960,2152,"Midwest Tube Mills"
1961,2147,"C&M Conveyor"
1962,2143,"Harvest Food Distributors HarvestSherwood Sherwood"
1963,2122,"C & R Industries Inc"
1964,2089,"EFTEC Engineering Gmbh "
1965,2087,"Federal Metal c/o Recon Logistics"
1966,2085,"Save Your Church Money"
1967,2072,CMI
1968,2069,"Recon Logistics"
1969,2052,Milleniametals
1970,2038,"Leggett & Platt, Inc."
1971,2019,"Pack-Rat/Forward Freight"
1972,2000,"Whirlpool c/o Penske"
1973,1924,"Prestige Nationwide Inc."
1974,1892,"Clopay Corporation"
1975,1881,"Schmieding Produce"
1976,1863,"Jade-Sterling Steel"
1977,1860,"RYDER - c/o GENERAL MOTORS "
1978,1851,"Vermeer "
1979,1838,"Thyssenkrupp AG"
1980,1811,"Strick Trailers"
1981,1807,"Millennium Metals II, LLC"
1982,1799,"F&M MAFCO"
1983,1795,Nanshanamerica-Aat
1984,1791,"Building Plastics"
1985,1785,Airwaysfreight
1986,1779,Infra-Metals
1987,1755,"Richmond Machine Company"
1988,1754,"American Hydro"
1989,1748,"AdvancePierre Foods"
1990,1743,"Sunbelt Rentals, Inc."
1991,1738,RGL
1992,1719,"ABC Supply Co., Inc."
1993,1704,"Columbia Steel Casting Co., Inc"
1994,1690,"ARTISAN TOOL & DIE, LLC"
1995,1672,"Nucor Steel NSLC"
1996,1661,"Trinity Marine Products"
1997,1601,"Red Classic Transportation"
1998,1596,Jarrett
1999,1592,"Green Industrial, LLC"
2000,1574,"Service Steel Warehouse"
2001,1573,Eagletubular
2002,1566,Schneider
2003,1563,"ODW Logistics"
2004,1541,"Phoenix Metals"
2005,1525,"ATS, INC."
2006,1510,"Custom Alloy Sales, Inc."
2007,1509,"Meadow Lark"
2008,1491,Schneider-DuPont
2009,1483,"Sierra Pacific Industries"
2010,1476,"Tomsin Steel Processing,"
2011,1436,"BRASCO INTERNATIONAL INC"
2012,1435,"United Vision Logistics"
2013,1364,"Worthington Industries"
2014,1362,"Toyota c/o AOD"
2015,1354,transplace
2016,1344,"Michigan CAT"
2017,1342,"PODS Enterprises LLC"
2018,1315,"American Eagle Steel Corporation"
2019,1293,"Ohio Cat"
2020,1263,"eShipping, LLC"
2021,1260,"Goldin Metals"
2022,1259,"Majestic Steel USA"
2023,1243,"ACE Logistics"
2024,1234,Hillenbrand
2025,1217,"Watchfire Signs "
2026,1215,"TWE Nonwovens US Inc"
2027,1204,Transcorr
2028,1199,"Sysco Corporation"
2029,1196,"Steel Warehouse"
2030,1195,"Steel Dynamics, Inc."
2031,1183,"PLYGEM SIDING GROUP "
2032,1180,"Patten Cat"
2033,1172,"New Millennium"
2034,1162,"The Dow Chemical Company"
2035,1159,"M&S Steel"
2036,1155,"XPO NLM "
2037,1150,"Knight Logistics"
2038,1131,FinPan
2039,,Formica
2040,,Plenco
2041,,"Specialty Bakers"
2042,,Seda
2043,,"True MFG"
2044,,"D&D Ingredients"
2045,,"Dealer Tire"
2046,,"Florida Distillers"
2047,8149,"EP Minerals"
2048,8407,"Sally Beauty Supply C/O TPS Logistics"
2049,,Mspark
2050,,UPRR
2051,8301,"Kruger Products LP"
2052,7040,"UPS Healthcare"
2053,,"Regal Rexnord"
2054,,"Northwest Rubber"
2055,3212,Chewy
2056,,Hylife
2057,,"ACME United"
2058,,"PMC Group"
2059,,"Closure Systems International"
2060,,"SMC Global"
2061,,"Salvation Army Canada"
2062,,"JDI Logistics - Montreal"
2063,8211,"NCFI Polyurethanes C/O Dynamic Logistix"
2064,,"Panoramic Inc."
2065,,"James Hardie"
2066,,"Wellman Plastics"
2067,,"Tortilla King"
2068,,"Jasons Deli"
2069,,"American Signature Inc"
2070,5918,"Associated Materials Group"
2071,,Hartmann
2072,,"IMC 2023 Bid"
2073,,"Sobeys Highway Transport"
2074,,Metsa
2075,,MainePoint
2076,,"Fischbach USA"
2077,8506,"Southeastern Grocers"
2078,,SeaWorld
2079,,"Bushel Boy"
2080,8255,"Gar Plastics"
2081,8284,Polyplex
2082,,"Happy Egg C/O Dynamix Logistix"
2083,,"Bradshaw Home"
2084,,"Klockner C/O Ruan"
2085,,Corning
2086,4676,"DSC Logistics & Supply Chain Management"
2087,,PictSweet
2088,,"Frozen Specialties Inc."
2089,,"Ken's Food"
2090,,TempurSealy
2091,,"Lamb Weston"
2092,,"RTP Company"
2093,3895,"Target Steel"
2094,6835,"Furniture Row"
2095,,Novolex
2096,,"Serta Simmons"
2097,,"US Magnesium"
2098,8245,"Hayden Beverage"
2099,,Insulfoam
2100,,Lifemade
2101,,Fila
2102,,"Great Lakes Tissue"
2103,,"Royal Canin"
2104,,"HD Supply"
2105,,"Hills Pet Nutrition"
2106,,Kronospan
2107,,"Mountain Ridge"
2108,,Brookshire
2109,,"United Sugars"
2110,,"Rite Aid"
2111,,Anfernee
2112,,Aztech
2113,,Electrolux
2114,,"Kloechner Preplast"
2115,,Caleres
2116,,"Tekni Plex"
2117,4950,Honeywell
2118,,Daikin
2119,,Tapestry
2120,6677,Suez
2121,,"Dakota Specialty Milling"
2122,,"La Preferida"
2123,,Verso
2124,,"Pennsy Supply"
2125,,Chemours
2126,,Pentair
2127,,Bimbo
2128,,Givaudan
2129,,Lakeside
2130,,"Snak King"
2131,,"Spectra Premium"
2132,,"Olam International"
2133,,Bonduelle
2134,,"Loren Cook"
2135,,"Tasty Brands"
2136,,Cedar
2137,,Cintas
2138,,Kohler
2139,,Wasserstrom
2140,,Furlani
2141,,"Amy's Kitchen"
2142,,"First Brands"
2143,7444,"EPE USA"
2144,6101,"General Services Administration"
2145,7980,"Steel Ventures LLC DBA EXLTube"
2146,6648,"Tapp Inc."
2147,,Brother
2148,8503,"Commercial Vehicle Group (CVG) c/o CASS"
2149,,"Knorr-Bremse C/O Argus"
2150,,GEA
2151,8207,"MOW Brazil"
2152,,"Bel Brands"
2153,,SNF
2154,,WinCup
2155,,"Spring Window Fashion"
2156,,"Peerless Products"
2157,,"ASI Global"
2158,,ConMet
2159,,"ERI Direct"
2160,,"ICI Foods"
2161,,Wise
2162,,"Pelican's Port"
2163,,Ferroglobe
2164,,Transcon
2165,8388,"Culpeper Wood Preservers"
2166,,"O&K American Corp"
2167,,Cosentino
2168,,Orca
2169,,"Sims Metal"
2170,,Crocs
2171," ","American Axel"
2172," ","American Air Filter Company"
2173," ","Kevin's Natural Foods"
2174,NULL,"Meyer Natural Foods C/O Dynamic Logistix"
2175,NULL,"Empire Bakery"
2176,NULL,Rico's
2177,8344,"Spectrum Food Group RFP"
2178,NULL,"Land's End"
2179,NULL,"Olds Products"
2180,NULL,"Affiliated Distributors C/O GlobalTranz RFP"
2181,NULL,"Conn's Home Plus"
2182,NULL,"Colinx Transportation"
2183,NULL,Ehmke
2184,NULL,"Associated Grocers of the South"
2185,NULL,Sandler
2186,NULL,Solistica
2187,NULL,"Diamond C Trailers"
2188,NULL,"Brooks Construction"
2189,NULL,"Dellalo Contract RFP"
2190,NULL,Cibo-Vita
2191,NULL,"GLK Foods"
2192,NULL,"Resco Products"
2193,8356,"The Toy Factory LLC"
2194,NULL,Sylvamo
2195,8412,"Hoffmaster Group, Inc. C/O Retrans"
2196,8282,"Culpeper of Athens LLC"
2197,8275,"Culpeper of Belchertown"
2198,8380,"Culpeper of Columbia"
2199,8420,"Volcafe USA"
2200,NULL,"NAFCO Fish"
2201,NULL,"M&M Industries"
2202,NULL,"US Alliance Paper"
2203,NULL,"Sabel Steel"
2204,NULL,"American Tire Distributors"
2205,NULL,"Unique Industries"
2206,NULL,"Killer Brownie Company"
2207,8108,USPLY
2208,NULL,Mativ
2209,NULL,JABIL
2210,8449,"Hitachi Astemo America"
2211,NULL,Valassis
2212,8432,"Orlando Baking"
2213,NULL,Gentek
2214,8046,"Holcim US, Inc"
2215,NULL,"San Juan Pools"
2216,NULL,Rosa
2217,NULL,"Cutze Food Service"
2218,NULL,"Arcosa Telecom"
2219,NULL,"Guchess Lumber"
2220,NULL,TimberMart
2221,NULL,"USG Corp"
2222,NULL,"Summit Packaging Systems"
2223,NULL,"Mount Vernon Mills"
2224,NULL,"Mohawk Flooring"
2225,NULL,Famsa
2226,NULL,Soucy
2227,NULL,"Blue Sky Defna"
2228,NULL,Clover
2229,NULL,"Norton Metals"
2230,NULL,"Curtze Food"
2231,NULL,Spuntech
2232,NULL,Promex
2233,NULL,FabSouth
2234,5227,"Expeditors Savannah"
2235,NULL,"C-P Flexible Packaging"
2236,NULL,Arbec
2237,NULL,"Doran and Ward Packaging"
2238,NULL,Oppy
2239,NULL,Alar
2240,NULL,"Rubies Costume"
2241,NULL,ABB
2242,NULL,"Heidtman Steel"
2243,8415,"MacLean Power, LLC c/o Ruan Transport"
